Timestamp,User Count,Type,Name,Requests/s,Failures/s,50%,66%,75%,80%,90%,95%,98%,99%,99.9%,99.99%,100%,Total Request Count,Total Failure Count,Total Median Response Time,Total Average Response Time,Total Min Response Time,Total Max Response Time,Total Average Content Size
1777545995,0,,Aggregated,0.000000,0.000000,N/A,N/A,N/A,N/A,N/A,N/A,N/A,N/A,N/A,N/A,N/A,0,0,0,0.0,0,0,0
1777545996,20,,Aggregated,0.000000,0.000000,300,300,300,300,310,310,310,310,310,310,310,22,0,300.0,278.831302863678,32.07370899326634,311.3644999975804,2683.7727272727275
1777545997,40,,Aggregated,0.000000,0.000000,310,1600,1600,1600,1600,1600,1600,1600,1600,1600,1600,42,0,310.0,881.948327262459,32.07370899326634,1575.7105840020813,3495.4285714285716
1777545998,60,,Aggregated,0.000000,0.000000,760,1200,1200,1200,1600,1600,1600,1600,1600,1600,1600,106,0,760.0,858.9265364994304,32.07370899326634,1575.7105840020813,3139.433962264151
1777545999,80,,Aggregated,11.000000,0.000000,890,1100,1200,1200,1400,1600,1600,1600,1600,1600,1600,181,0,890.0,904.9451390279069,32.07370899326634,1575.7105840020813,3272.1160220994475
1777546000,100,,Aggregated,14.000000,0.000000,970,1100,1200,1200,1200,1600,1600,1600,1600,1600,1600,257,0,970.0,906.5696667900318,32.07370899326634,1575.7105840020813,3330.36186770428
1777546001,100,,Aggregated,26.500000,0.000000,980,1100,1100,1200,1200,1600,1600,1600,1600,1600,1600,327,0,980.0,908.4155933729168,32.07370899326634,1575.7105840020813,3378.0519877675843
1777546002,100,,Aggregated,38.200000,0.000000,980,1100,1100,1100,1200,1200,1600,1600,1600,1600,1600,437,0,980.0,903.1557145147082,32.07370899326634,1575.7105840020813,3437.6064073226544
1777546003,100,,Aggregated,42.833333,0.000000,970,1000,1100,1100,1200,1200,1600,1600,1600,1600,1600,542,0,970.0,896.3579371588133,32.07370899326634,1575.7105840020813,3492.590405904059
1777546004,100,,Aggregated,49.857143,0.000000,980,1100,1100,1100,1200,1400,1600,1600,1600,1600,1600,612,0,980.0,918.8091502321804,32.07370899326634,1575.7105840020813,3563.9460784313724
1777546005,100,,Aggregated,54.875000,0.000000,980,1100,1100,1200,1300,1400,1600,1600,1600,1600,1600,703,0,980.0,944.300068963249,32.07370899326634,1575.7105840020813,3567.302987197724
1777546006,100,,Aggregated,60.333333,0.000000,990,1100,1100,1200,1300,1400,1600,1600,1600,1600,1600,793,0,990.0,944.4092347327453,32.07370899326634,1575.7105840020813,3574.2875157629255
1777546007,100,,Aggregated,61.300000,0.000000,1000,1100,1200,1200,1300,1400,1600,1600,1600,1600,1600,868,0,1000.0,953.1911171982542,32.07370899326634,1575.7105840020813,3553.9055299539173
1777546008,100,,Aggregated,72.100000,0.000000,1000,1100,1200,1200,1300,1400,1500,1600,1600,1600,1600,955,0,1000.0,965.8417887707011,32.07370899326634,1575.7105840020813,3536.68167539267
1777546009,100,,Aggregated,77.100000,0.000000,1000,1100,1200,1200,1300,1400,1500,1600,1600,1600,1600,986,0,1000.0,970.831826766748,32.07370899326634,1575.7105840020813,3513.6632860040568
1777546010,100,,Aggregated,82.800000,0.000000,1000,1200,1200,1300,1500,1800,1900,2000,2000,2000,2000,1069,0,1000.0,1023.0508041273112,32.07370899326634,2028.6362920014653,3512.200187090739
1777546011,100,,Aggregated,84.900000,0.000000,1100,1200,1300,1300,1500,1800,1900,1900,2000,2000,2000,1104,0,1100.0,1032.6095694357764,32.07370899326634,2028.6362920014653,3491.529891304348
1777546012,100,,Aggregated,79.500000,0.000000,1100,1200,1300,1400,1700,1800,1900,1900,2000,2000,2000,1185,0,1100.0,1064.4025170126743,32.07370899326634,2028.6362920014653,3492.6725738396626
1777546013,100,,Aggregated,81.200000,0.000000,1100,1200,1300,1400,1800,1900,2000,2000,2100,2100,2100,1220,0,1100.0,1079.9416864345094,32.07370899326634,2089.5963749935618,3483.3426229508195
1777546014,100,,Aggregated,75.500000,0.000000,1100,1300,1400,1600,1800,1900,1900,2000,2100,2100,2100,1299,0,1100.0,1107.9072522725978,32.07370899326634,2089.5963749935618,3469.228637413395
1777546015,100,,Aggregated,74.600000,0.000000,1100,1300,1400,1600,1800,1900,1900,2000,2100,2100,2100,1370,0,1100.0,1117.9552198555518,32.07370899326634,2089.5963749935618,3448.0810218978104
1777546016,100,,Aggregated,67.800000,0.000000,1100,1300,1500,1600,1800,1900,1900,2000,2100,2100,2100,1411,0,1100.0,1126.3629190284794,32.07370899326634,2089.5963749935618,3451.8752657689583
1777546017,100,,Aggregated,68.600000,0.000000,1100,1300,1500,1600,1800,1900,2000,2000,2100,2100,2100,1482,0,1100.0,1153.211477112797,32.07370899326634,2119.5732500054874,3421.5937921727395
1777546019,100,,Aggregated,64.900000,0.000000,1100,1400,1600,1700,1900,2000,2000,2200,2300,2300,2300,1526,0,1100.0,1171.8578998998587,32.07370899326634,2290.9678330033785,3433.2771952817825
1777546020,100,,Aggregated,61.800000,0.000000,1200,1400,1600,1700,1900,2000,2000,2200,2300,2300,2300,1595,0,1200.0,1189.0514423951379,32.07370899326634,2290.9678330033785,3422.7078369905958
1777546021,100,,Aggregated,61.200000,0.000000,1200,1400,1600,1800,1900,2000,2000,2100,2300,2300,2300,1639,0,1200.0,1199.8528931996375,32.07370899326634,2290.9678330033785,3440.5893837705917
1777546022,100,,Aggregated,57.100000,0.000000,1200,1500,1600,1700,1900,2000,2000,2100,2300,2300,2300,1712,0,1200.0,1205.9205622524387,32.07370899326634,2290.9678330033785,3435.5718457943926
1777546023,100,,Aggregated,60.900000,0.000000,1200,1500,1600,1700,1900,1900,2000,2100,2300,2300,2300,1783,0,1200.0,1209.75914542244,32.07370899326634,2290.9678330033785,3440.5855300056087
1777546024,100,,Aggregated,57.000000,0.000000,1200,1500,1700,1800,1900,2000,2000,2100,2300,2300,2300,1824,0,1200.0,1222.687134340582,32.07370899326634,2290.9678330033785,3442.05975877193
1777546025,100,,Aggregated,60.800000,0.000000,1200,1500,1700,1800,1900,2000,2200,2200,2400,2400,2400,1869,0,1200.0,1239.6592106469864,32.07370899326634,2397.696915999404,3448.48582129481
1777546026,100,,Aggregated,59.800000,0.000000,1200,1600,1700,1800,1900,2000,2200,2300,2500,2500,2500,1938,0,1200.0,1258.2510442184066,32.07370899326634,2475.427416997263,3450.9803921568628
1777546027,100,,Aggregated,60.300000,0.000000,1300,1600,1700,1800,1900,2000,2200,2300,2500,2500,2500,1995,0,1300.0,1260.1978462958443,32.07370899326634,2475.427416997263,3447.9268170426067
1777546028,100,,Aggregated,56.800000,0.000000,1300,1600,1700,1800,1900,2000,2200,2300,2400,2500,2500,2056,0,1300.0,1265.4477572476806,32.07370899326634,2475.427416997263,3442.772859922179
1777546029,100,,Aggregated,56.800000,0.000000,1300,1600,1700,1800,1900,2000,2200,2300,2400,2500,2500,2108,0,1300.0,1274.0053527178625,32.07370899326634,2475.427416997263,3451.6840607210625
1777546030,100,,Aggregated,58.400000,0.000000,1300,1600,1800,1800,1900,2000,2200,2300,2500,2500,2500,2132,0,1300.0,1278.4681460226325,32.07370899326634,2475.427416997263,3448.547373358349
1777546031,100,,Aggregated,57.300000,0.000000,1300,1600,1800,1800,2000,2100,2300,2400,2500,2500,2500,2215,0,1300.0,1302.005800163059,32.07370899326634,2507.0574169949396,3441.1756207674944
1777546032,100,,Aggregated,58.200000,0.000000,1300,1600,1800,1800,2000,2100,2300,2400,2500,2500,2500,2286,0,1300.0,1304.384816288792,32.07370899326634,2507.0574169949396,3428.40113735783
1777546033,100,,Aggregated,57.600000,0.000000,1300,1600,1800,1800,2000,2100,2300,2400,2500,2500,2500,2338,0,1300.0,1310.0932190595536,32.07370899326634,2507.0574169949396,3431.4204448246364
1777546034,100,,Aggregated,57.600000,0.000000,1400,1600,1800,1800,2000,2100,2300,2400,2500,2500,2500,2403,0,1400.0,1310.542615252281,32.07370899326634,2507.0574169949396,3430.786933000416
1777546035,100,,Aggregated,57.400000,0.000000,1400,1600,1800,1800,2000,2100,2300,2400,2500,2500,2500,2476,0,1400.0,1308.669092182979,32.07370899326634,2507.0574169949396,3423.901857835218
1777546036,100,,Aggregated,57.900000,0.000000,1400,1600,1800,1800,2000,2100,2300,2400,2500,2500,2500,2547,0,1400.0,1315.2363945976192,32.07370899326634,2507.0574169949396,3419.662347860228
1777546037,100,,Aggregated,57.900000,0.000000,1400,1600,1800,1800,2000,2100,2300,2400,2500,2500,2500,2592,0,1400.0,1320.567554654779,32.07370899326634,2507.0574169949396,3418.283564814815
1777546038,100,,Aggregated,60.700000,0.000000,1400,1700,1800,1800,2000,2100,2300,2300,2500,2500,2500,2632,0,1400.0,1325.7826278488626,32.07370899326634,2507.0574169949396,3420.113981762918
1777546039,100,,Aggregated,58.000000,0.000000,1400,1700,1800,1800,2000,2100,2200,2300,2500,2500,2500,2705,0,1400.0,1330.7523000448225,32.07370899326634,2507.0574169949396,3411.5863216266175
1777546040,100,,Aggregated,57.700000,0.000000,1400,1700,1800,1800,2000,2100,2200,2300,2500,2500,2500,2787,0,1400.0,1332.4080960689842,32.07370899326634,2507.0574169949396,3425.388231072838
1777546041,100,,Aggregated,59.700000,0.000000,1400,1700,1800,1800,2000,2100,2200,2300,2500,2500,2500,2826,0,1400.0,1334.5729353879394,32.07370899326634,2507.0574169949396,3416.6337579617834
1777546042,100,,Aggregated,59.700000,0.000000,1500,1700,1800,1800,2000,2100,2200,2300,2500,2500,2500,2904,0,1500.0,1336.376748762496,32.07370899326634,2507.0574169949396,3406.293044077135
1777546043,100,,Aggregated,64.900000,0.000000,1500,1700,1800,1800,1900,2100,2200,2300,2500,2500,2500,2974,0,1500.0,1336.3078955212814,32.07370899326634,2507.0574169949396,3401.922999327505
1777546044,100,,Aggregated,61.800000,0.000000,1500,1700,1800,1800,2000,2100,2200,2300,2500,2500,2500,3020,0,1500.0,1343.473512840498,32.07370899326634,2507.0574169949396,3412.0076158940396
1777546045,100,,Aggregated,64.200000,0.000000,1500,1700,1800,1800,2000,2100,2200,2300,2500,2500,2500,3058,0,1500.0,1348.8021149670813,32.07370899326634,2507.0574169949396,3401.1108567691304
1777546046,100,,Aggregated,64.200000,0.000000,1500,1700,1800,1800,2000,2100,2200,2300,2500,2500,2500,3134,0,1500.0,1354.776529617506,32.07370899326634,2507.0574169949396,3398.9757498404597
1777546047,100,,Aggregated,57.500000,0.000000,1500,1700,1800,1800,2000,2100,2200,2300,2500,2500,2500,3199,0,1500.0,1355.9547992954788,32.07370899326634,2507.0574169949396,3387.890903407315
1777546048,100,,Aggregated,57.500000,0.000000,1500,1700,1800,1800,2000,2100,2200,2300,2500,2500,2500,3249,0,1500.0,1360.0351874005094,32.07370899326634,2507.0574169949396,3391.6989843028623
1777546049,100,,Aggregated,61.600000,0.000000,1500,1700,1800,1800,2000,2100,2200,2300,2500,2500,2500,3320,0,1500.0,1362.2639464440879,32.07370899326634,2507.0574169949396,3393.145481927711
1777546050,100,,Aggregated,57.300000,0.000000,1500,1700,1800,1800,2000,2100,2200,2300,2500,2500,2500,3364,0,1500.0,1362.2160398538244,32.07370899326634,2507.0574169949396,3391.211950059453
1777546051,100,,Aggregated,61.700000,0.000000,1500,1700,1800,1800,2000,2100,2200,2300,2500,2500,2500,3433,0,1500.0,1367.4723343970854,32.07370899326634,2507.0574169949396,3391.0110690358288
